{"posicion":{"x":-7.237561225891113,"y":-1.4850001335144044,"z":0.0},"Vida":90,"Armadura":10,"Energia":20}