{"posicion":{"x":-6.575709342956543,"y":-1.4850002527236939,"z":0.0},"Vida":50,"Armadura":25,"Energia":40}