{"posicion":{"x":-5.503640174865723,"y":-1.4850000143051148,"z":0.0},"Vida":83,"Armadura":36,"Energia":34}