{"posicion":{"x":-6.611068248748779,"y":-1.4850001335144044,"z":0.0},"Vida":50,"Armadura":25,"Energia":40}