{"posicion":{"x":-6.266186237335205,"y":-1.4850001335144044,"z":0.0},"Vida":30}