{"posicion":{"x":-7.3795342445373539,"y":-1.4850001335144044,"z":0.0}}