{"posicion":{"x":-5.733790874481201,"y":-1.4850001335144044,"z":0.0},"Vida":101,"Armadura":50,"Energia":50}