{"posicion":{"x":-6.928586006164551,"y":-1.4850001335144044,"z":0.0},"Vida":100,"Armadura":50,"Energia":49}